{"commitInfo":{"timestamp":1759967202682,"operation":"WRITE","operationParameters":{"mode":"Overwrite","partitionBy":"[]"},"isolationLevel":"Serializable","isBlindAppend":false,"operationMetrics":{"numFiles":"1","numOutputRows":"10","numOutputBytes":"1240"},"engineInfo":"Apache-Spark/3.5.1 Delta-Lake/3.0.0","txnId":"b50bf538-0e67-4503-bf3b-757f8f468400"}}
{"metaData":{"id":"3b5e043b-1b56-45af-9d42-4288c4ae90f3","format":{"provider":"parquet","options":{}},"schemaString":"{\"type\":\"struct\",\"fields\":[{\"name\":\"title\",\"type\":\"string\",\"nullable\":true,\"metadata\":{}},{\"name\":\"type\",\"type\":\"string\",\"nullable\":true,\"metadata\":{}},{\"name\":\"desc_length\",\"type\":\"integer\",\"nullable\":true,\"metadata\":{}}]}","partitionColumns":[],"configuration":{},"createdTime":1759967201083}}
{"protocol":{"minReaderVersion":1,"minWriterVersion":2}}
{"add":{"path":"part-00000-e1227e69-5be0-4979-80bd-e5937d97bc53-c000.snappy.parquet","partitionValues":{},"size":1240,"modificationTime":1759967202000,"dataChange":true,"stats":"{\"numRecords\":10,\"minValues\":{\"title\":\"14 Blades\",\"type\":\"MOVIE\",\"desc_length\":239},\"maxValues\":{\"title\":\"Y.M.I.: Yeh Mera India\",\"type\":\"TV SHOW\",\"desc_length\":248},\"nullCount\":{\"title\":0,\"type\":0,\"desc_length\":0}}"}}
