{"commitInfo":{"timestamp":1759967476624,"operation":"WRITE","operationParameters":{"mode":"Overwrite","partitionBy":"[]"},"readVersion":0,"isolationLevel":"Serializable","isBlindAppend":false,"operationMetrics":{"numFiles":"1","numOutputRows":"10","numOutputBytes":"1240"},"engineInfo":"Apache-Spark/3.5.1 Delta-Lake/3.0.0","txnId":"dd4f64ab-bc0d-4000-820d-e8989c2b6369"}}
{"add":{"path":"part-00000-96f0202c-5f58-4163-9d0c-6c5590ba88f9-c000.snappy.parquet","partitionValues":{},"size":1240,"modificationTime":1759967472000,"dataChange":true,"stats":"{\"numRecords\":10,\"minValues\":{\"title\":\"14 Blades\",\"type\":\"MOVIE\",\"desc_length\":239},\"maxValues\":{\"title\":\"Y.M.I.: Yeh Mera India\",\"type\":\"TV SHOW\",\"desc_length\":248},\"nullCount\":{\"title\":0,\"type\":0,\"desc_length\":0}}"}}
{"remove":{"path":"part-00000-e1227e69-5be0-4979-80bd-e5937d97bc53-c000.snappy.parquet","deletionTimestamp":1759967476623,"dataChange":true,"extendedFileMetadata":true,"partitionValues":{},"size":1240}}
