{"commitInfo":{"timestamp":1759967442693,"operation":"WRITE","operationParameters":{"mode":"Overwrite","partitionBy":"[]"},"readVersion":0,"isolationLevel":"Serializable","isBlindAppend":false,"operationMetrics":{"numFiles":"1","numOutputRows":"2","numOutputBytes":"737"},"engineInfo":"Apache-Spark/3.5.1 Delta-Lake/3.0.0","txnId":"e699ebdf-e576-4e2a-ab66-bbc4ee0f42c1"}}
{"add":{"path":"part-00000-52f51d52-23a0-479c-b3c4-badc07f7d341-c000.snappy.parquet","partitionValues":{},"size":737,"modificationTime":1759967437000,"dataChange":true,"stats":"{\"numRecords\":2,\"minValues\":{\"type\":\"MOVIE\",\"total\":2285},\"maxValues\":{\"type\":\"TV SHOW\",\"total\":5692},\"nullCount\":{\"type\":0,\"total\":0}}"}}
{"remove":{"path":"part-00000-27626383-ffc2-498e-98b7-46e15e653702-c000.snappy.parquet","deletionTimestamp":1759967442583,"dataChange":true,"extendedFileMetadata":true,"partitionValues":{},"size":737}}
