{"commitInfo":{"timestamp":1759967181557,"operation":"WRITE","operationParameters":{"mode":"Overwrite","partitionBy":"[]"},"isolationLevel":"Serializable","isBlindAppend":false,"operationMetrics":{"numFiles":"1","numOutputRows":"2","numOutputBytes":"737"},"engineInfo":"Apache-Spark/3.5.1 Delta-Lake/3.0.0","txnId":"8b7f4f4f-f33b-42d5-8327-71cc828d9914"}}
{"metaData":{"id":"2413d175-99d3-45f9-8112-8874461127c7","format":{"provider":"parquet","options":{}},"schemaString":"{\"type\":\"struct\",\"fields\":[{\"name\":\"type\",\"type\":\"string\",\"nullable\":true,\"metadata\":{}},{\"name\":\"total\",\"type\":\"long\",\"nullable\":true,\"metadata\":{}}]}","partitionColumns":[],"configuration":{},"createdTime":1759967157356}}
{"protocol":{"minReaderVersion":1,"minWriterVersion":2}}
{"add":{"path":"part-00000-27626383-ffc2-498e-98b7-46e15e653702-c000.snappy.parquet","partitionValues":{},"size":737,"modificationTime":1759967181000,"dataChange":true,"stats":"{\"numRecords\":2,\"minValues\":{\"type\":\"MOVIE\",\"total\":2285},\"maxValues\":{\"type\":\"TV SHOW\",\"total\":5692},\"nullCount\":{\"type\":0,\"total\":0}}"}}
