{"commitInfo":{"timestamp":1759967468657,"operation":"WRITE","operationParameters":{"mode":"Overwrite","partitionBy":"[]"},"readVersion":0,"isolationLevel":"Serializable","isBlindAppend":false,"operationMetrics":{"numFiles":"1","numOutputRows":"92","numOutputBytes":"1679"},"engineInfo":"Apache-Spark/3.5.1 Delta-Lake/3.0.0","txnId":"df4dbb4c-5c40-4b54-8b50-bc80e4f3b56f"}}
{"add":{"path":"part-00000-4da8f3f0-f3bc-4b99-96dd-fb400bb4165b-c000.snappy.parquet","partitionValues":{},"size":1679,"modificationTime":1759967465000,"dataChange":true,"stats":"{\"numRecords\":92,\"minValues\":{\"release_year\":\" Charles Rocket\",\"total\":1},\"maxValues\":{\"release_year\":\"United States\",\"total\":1036},\"nullCount\":{\"release_year\":0,\"total\":0}}"}}
{"remove":{"path":"part-00000-e74a4f85-46c8-4ba0-a588-6110b5e01c8b-c000.snappy.parquet","deletionTimestamp":1759967468657,"dataChange":true,"extendedFileMetadata":true,"partitionValues":{},"size":1679}}
