{"commitInfo":{"timestamp":1759967197927,"operation":"WRITE","operationParameters":{"mode":"Overwrite","partitionBy":"[]"},"isolationLevel":"Serializable","isBlindAppend":false,"operationMetrics":{"numFiles":"1","numOutputRows":"92","numOutputBytes":"1679"},"engineInfo":"Apache-Spark/3.5.1 Delta-Lake/3.0.0","txnId":"95cb5c7c-ded2-4b70-8181-7259fd6e3394"}}
{"metaData":{"id":"6f9b2d77-2c80-49ed-b86b-95422107a9e4","format":{"provider":"parquet","options":{}},"schemaString":"{\"type\":\"struct\",\"fields\":[{\"name\":\"release_year\",\"type\":\"string\",\"nullable\":true,\"metadata\":{}},{\"name\":\"total\",\"type\":\"long\",\"nullable\":true,\"metadata\":{}}]}","partitionColumns":[],"configuration":{},"createdTime":1759967193865}}
{"protocol":{"minReaderVersion":1,"minWriterVersion":2}}
{"add":{"path":"part-00000-e74a4f85-46c8-4ba0-a588-6110b5e01c8b-c000.snappy.parquet","partitionValues":{},"size":1679,"modificationTime":1759967197000,"dataChange":true,"stats":"{\"numRecords\":92,\"minValues\":{\"release_year\":\" Charles Rocket\",\"total\":1},\"maxValues\":{\"release_year\":\"United States\",\"total\":1036},\"nullCount\":{\"release_year\":0,\"total\":0}}"}}
