{"commitInfo":{"timestamp":1759967185385,"operation":"WRITE","operationParameters":{"mode":"Overwrite","partitionBy":"[]"},"isolationLevel":"Serializable","isBlindAppend":false,"operationMetrics":{"numFiles":"1","numOutputRows":"10","numOutputBytes":"895"},"engineInfo":"Apache-Spark/3.5.1 Delta-Lake/3.0.0","txnId":"e9c9ac92-cecf-4940-9d8d-0e28c75d593e"}}
{"metaData":{"id":"dfc4ca7c-b86b-4086-8148-11f7e883f752","format":{"provider":"parquet","options":{}},"schemaString":"{\"type\":\"struct\",\"fields\":[{\"name\":\"country\",\"type\":\"string\",\"nullable\":true,\"metadata\":{}},{\"name\":\"total\",\"type\":\"long\",\"nullable\":true,\"metadata\":{}}]}","partitionColumns":[],"configuration":{},"createdTime":1759967185917}}
{"protocol":{"minReaderVersion":1,"minWriterVersion":2}}
{"add":{"path":"part-00000-e04fa4dc-5c70-4d7f-9090-f811ac6624dc-c000.snappy.parquet","partitionValues":{},"size":895,"modificationTime":1759967184000,"dataChange":true,"stats":"{\"numRecords\":10,\"minValues\":{\"country\":\"CANADA\",\"total\":106},\"maxValues\":{\"country\":\"UNITED STATES\",\"total\":2805},\"nullCount\":{\"country\":0,\"total\":0}}"}}
