{"commitInfo":{"timestamp":1759967453671,"operation":"WRITE","operationParameters":{"mode":"Overwrite","partitionBy":"[]"},"readVersion":0,"isolationLevel":"Serializable","isBlindAppend":false,"operationMetrics":{"numFiles":"1","numOutputRows":"10","numOutputBytes":"895"},"engineInfo":"Apache-Spark/3.5.1 Delta-Lake/3.0.0","txnId":"7d4f0bea-3ade-444a-812d-bfecd54d7825"}}
{"add":{"path":"part-00000-a0107eea-cfef-475e-8e99-5838a2b94266-c000.snappy.parquet","partitionValues":{},"size":895,"modificationTime":1759967450000,"dataChange":true,"stats":"{\"numRecords\":10,\"minValues\":{\"country\":\"CANADA\",\"total\":106},\"maxValues\":{\"country\":\"UNITED STATES\",\"total\":2805},\"nullCount\":{\"country\":0,\"total\":0}}"}}
{"remove":{"path":"part-00000-e04fa4dc-5c70-4d7f-9090-f811ac6624dc-c000.snappy.parquet","deletionTimestamp":1759967453669,"dataChange":true,"extendedFileMetadata":true,"partitionValues":{},"size":895}}
