{"commitInfo":{"timestamp":1759967460082,"operation":"WRITE","operationParameters":{"mode":"Overwrite","partitionBy":"[]"},"readVersion":0,"isolationLevel":"Serializable","isBlindAppend":false,"operationMetrics":{"numFiles":"1","numOutputRows":"2","numOutputBytes":"760"},"engineInfo":"Apache-Spark/3.5.1 Delta-Lake/3.0.0","txnId":"4eebef7d-7783-40e1-8c9d-3fed8e747a3d"}}
{"add":{"path":"part-00000-e10639f8-4b1c-4af0-8f94-7aab6ff2fdb0-c000.snappy.parquet","partitionValues":{},"size":760,"modificationTime":1759967457000,"dataChange":true,"stats":"{\"numRecords\":2,\"minValues\":{\"type\":\"MOVIE\",\"avg_duration\":1.8562664329535494},\"maxValues\":{\"type\":\"TV SHOW\",\"avg_duration\":100.84966513923159},\"nullCount\":{\"type\":0,\"avg_duration\":0}}"}}
{"remove":{"path":"part-00000-7f43de06-5708-450c-a1ff-9e0e4609aacf-c000.snappy.parquet","deletionTimestamp":1759967460080,"dataChange":true,"extendedFileMetadata":true,"partitionValues":{},"size":760}}
