{"commitInfo":{"timestamp":1759967190309,"operation":"WRITE","operationParameters":{"mode":"Overwrite","partitionBy":"[]"},"isolationLevel":"Serializable","isBlindAppend":false,"operationMetrics":{"numFiles":"1","numOutputRows":"2","numOutputBytes":"760"},"engineInfo":"Apache-Spark/3.5.1 Delta-Lake/3.0.0","txnId":"d83f4553-2a33-40ef-8329-1eda3327085d"}}
{"metaData":{"id":"cf6a5410-537f-44fb-ae4c-af7b2e942458","format":{"provider":"parquet","options":{}},"schemaString":"{\"type\":\"struct\",\"fields\":[{\"name\":\"type\",\"type\":\"string\",\"nullable\":true,\"metadata\":{}},{\"name\":\"avg_duration\",\"type\":\"double\",\"nullable\":true,\"metadata\":{}}]}","partitionColumns":[],"configuration":{},"createdTime":1759967188482}}
{"protocol":{"minReaderVersion":1,"minWriterVersion":2}}
{"add":{"path":"part-00000-7f43de06-5708-450c-a1ff-9e0e4609aacf-c000.snappy.parquet","partitionValues":{},"size":760,"modificationTime":1759967190000,"dataChange":true,"stats":"{\"numRecords\":2,\"minValues\":{\"type\":\"MOVIE\",\"avg_duration\":1.8562664329535494},\"maxValues\":{\"type\":\"TV SHOW\",\"avg_duration\":100.84966513923159},\"nullCount\":{\"type\":0,\"avg_duration\":0}}"}}
